datetime,water_level
2018-11-30,47.272
2018-12-01,47.236185185185185
2018-12-02,47.20037037037037
2018-12-03,47.16455555555555
2018-12-04,47.12874074074074
2018-12-05,47.092925925925925
2018-12-06,47.05711111111111
2018-12-07,47.02129629629629
2018-12-08,46.98548148148148
2018-12-09,46.949666666666666
2018-12-10,46.91385185185185
2018-12-11,46.87803703703704
2018-12-12,46.84222222222222
2018-12-13,46.806407407407406
2018-12-14,46.77059259259259
2018-12-15,46.73477777777778
2018-12-16,46.69896296296296
2018-12-17,46.663148148148146
2018-12-18,46.62733333333333
2018-12-19,46.59151851851852
2018-12-20,46.555703703703706
2018-12-21,46.519888888888886
2018-12-22,46.48407407407407
2018-12-23,46.44825925925926
2018-12-24,46.412444444444446
2018-12-25,46.376629629629626
2018-12-26,46.34081481481481
2018-12-27,46.305
2018-12-28,46.28896296296296
2018-12-29,46.272925925925925
2018-12-30,46.25688888888889
2018-12-31,46.24085185185185
2019-01-01,46.22481481481481
2019-01-02,46.208777777777776
2019-01-03,46.19274074074074
2019-01-04,46.1767037037037
2019-01-05,46.160666666666664
2019-01-06,46.14462962962963
2019-01-07,46.12859259259259
2019-01-08,46.11255555555555
2019-01-09,46.096518518518515
2019-01-10,46.080481481481485
2019-01-11,46.06444444444445
2019-01-12,46.04840740740741
2019-01-13,46.03237037037037
2019-01-14,46.016333333333336
2019-01-15,46.0002962962963
2019-01-16,45.98425925925926
2019-01-17,45.968222222222224
2019-01-18,45.952185185185186
2019-01-19,45.93614814814815
2019-01-20,45.92011111111111
2019-01-21,45.904074074074074
2019-01-22,45.88803703703704
2019-01-23,45.872
2019-01-24,45.86225925925926
2019-01-25,45.852518518518515
2019-01-26,45.842777777777776
2019-01-27,45.83303703703704
2019-01-28,45.8232962962963
2019-01-29,45.81355555555555
2019-01-30,45.803814814814814
2019-01-31,45.794074074074075
2019-02-01,45.784333333333336
2019-02-02,45.77459259259259
2019-02-03,45.76485185185185
2019-02-04,45.75511111111111
2019-02-05,45.745370370370374
2019-02-06,45.73562962962963
2019-02-07,45.72588888888889
2019-02-08,45.71614814814815
2019-02-09,45.70640740740741
2019-02-10,45.696666666666665
2019-02-11,45.68692592592593
2019-02-12,45.67718518518519
2019-02-13,45.66744444444445
2019-02-14,45.6577037037037
2019-02-15,45.647962962962964
2019-02-16,45.638222222222225
2019-02-17,45.62848148148149
2019-02-18,45.61874074074074
2019-02-19,45.609
2019-02-20,45.61003703703704
2019-02-21,45.611074074074075
2019-02-22,45.61211111111111
2019-02-23,45.61314814814815
2019-02-24,45.614185185185185
2019-02-25,45.61522222222222
2019-02-26,45.61625925925926
2019-02-27,45.617296296296296
2019-02-28,45.61833333333333
2019-03-01,45.61937037037037
2019-03-02,45.620407407407406
2019-03-03,45.62144444444444
2019-03-04,45.62248148148148
2019-03-05,45.62351851851852
2019-03-06,45.62455555555556
2019-03-07,45.6255925925926
2019-03-08,45.62662962962963
2019-03-09,45.62766666666667
2019-03-10,45.62870370370371
2019-03-11,45.62974074074074
2019-03-12,45.63077777777778
2019-03-13,45.63181481481482
2019-03-14,45.632851851851854
2019-03-15,45.63388888888889
2019-03-16,45.63492592592593
2019-03-17,45.635962962962964
2019-03-18,45.637
2019-03-19,45.63655555555555
2019-03-20,45.63611111111111
2019-03-21,45.635666666666665
2019-03-22,45.635222222222225
2019-03-23,45.63477777777778
2019-03-24,45.63433333333333
2019-03-25,45.63388888888889
2019-03-26,45.63344444444444
2019-03-27,45.633
2019-03-28,45.632555555555555
2019-03-29,45.63211111111111
2019-03-30,45.63166666666667
2019-03-31,45.63122222222222
2019-04-01,45.63077777777778
2019-04-02,45.63033333333333
2019-04-03,45.62988888888889
2019-04-04,45.629444444444445
2019-04-05,45.629
2019-04-06,45.62855555555556
2019-04-07,45.62811111111111
2019-04-08,45.62766666666667
2019-04-09,45.62722222222222
2019-04-10,45.626777777777775
2019-04-11,45.626333333333335
2019-04-12,45.62588888888889
2019-04-13,45.62544444444445
2019-04-14,45.625
2019-04-15,45.63455555555556
2019-04-16,45.64411111111111
2019-04-17,45.653666666666666
2019-04-18,45.663222222222224
2019-04-19,45.67277777777778
2019-04-20,45.68233333333333
2019-04-21,45.69188888888889
2019-04-22,45.70144444444445
2019-04-23,45.711
2019-04-24,45.720555555555556
2019-04-25,45.730111111111114
2019-04-26,45.739666666666665
2019-04-27,45.74922222222222
2019-04-28,45.75877777777778
2019-04-29,45.76833333333334
2019-04-30,45.77788888888889
2019-05-01,45.787444444444446
2019-05-02,45.797000000000004
2019-05-03,45.806555555555555
2019-05-04,45.81611111111111
2019-05-05,45.82566666666667
2019-05-06,45.83522222222222
2019-05-07,45.84477777777778
2019-05-08,45.85433333333334
2019-05-09,45.863888888888894
2019-05-10,45.873444444444445
2019-05-11,45.883
2019-05-12,45.9235925925926
2019-05-13,45.96418518518519
2019-05-14,46.00477777777778
2019-05-15,46.04537037037037
2019-05-16,46.08596296296297
2019-05-17,46.126555555555555
2019-05-18,46.16714814814815
2019-05-19,46.20774074074074
2019-05-20,46.248333333333335
2019-05-21,46.28892592592593
2019-05-22,46.32951851851852
2019-05-23,46.370111111111115
2019-05-24,46.4107037037037
2019-05-25,46.4512962962963
2019-05-26,46.49188888888889
2019-05-27,46.53248148148148
2019-05-28,46.57307407407407
2019-05-29,46.61366666666667
2019-05-30,46.65425925925926
2019-05-31,46.69485185185185
2019-06-01,46.73544444444445
2019-06-02,46.776037037037035
2019-06-03,46.81662962962963
2019-06-04,46.85722222222222
2019-06-05,46.897814814814815
2019-06-06,46.938407407407404
2019-06-07,46.979
2019-06-08,47.04044444444445
2019-06-09,47.10188888888889
2019-06-10,47.163333333333334
2019-06-11,47.224777777777774
2019-06-12,47.28622222222222
2019-06-13,47.34766666666667
2019-06-14,47.40911111111111
2019-06-15,47.470555555555556
2019-06-16,47.532
2019-06-17,47.593444444444444
2019-06-18,47.65488888888889
2019-06-19,47.71633333333333
2019-06-20,47.77777777777778
2019-06-21,47.83922222222222
2019-06-22,47.900666666666666
2019-06-23,47.962111111111106
2019-06-24,48.023555555555554
2019-06-25,48.085
2019-06-26,48.14644444444444
2019-06-27,48.20788888888889
2019-06-28,48.26933333333333
2019-06-29,48.330777777777776
2019-06-30,48.39222222222222
2019-07-01,48.45366666666666
2019-07-02,48.51511111111111
2019-07-03,48.57655555555555
2019-07-04,48.638
2019-07-05,48.696
2019-07-06,48.754
2019-07-07,48.812
2019-07-08,48.87
2019-07-09,48.928
2019-07-10,48.986
2019-07-11,49.044
2019-07-12,49.102
2019-07-13,49.16
2019-07-14,49.217999999999996
2019-07-15,49.275999999999996
2019-07-16,49.333999999999996
2019-07-17,49.391999999999996
2019-07-18,49.45
2019-07-19,49.508
2019-07-20,49.566
2019-07-21,49.624
2019-07-22,49.682
2019-07-23,49.74
2019-07-24,49.798
2019-07-25,49.856
2019-07-26,49.914
2019-07-27,49.972
2019-07-28,50.03
2019-07-29,50.088
2019-07-30,50.146
2019-07-31,50.204
2019-08-01,50.239444444444445
2019-08-02,50.27488888888889
2019-08-03,50.31033333333333
2019-08-04,50.345777777777776
2019-08-05,50.38122222222222
2019-08-06,50.416666666666664
2019-08-07,50.452111111111115
2019-08-08,50.48755555555556
2019-08-09,50.523
2019-08-10,50.55844444444445
2019-08-11,50.59388888888889
2019-08-12,50.629333333333335
2019-08-13,50.66477777777778
2019-08-14,50.70022222222222
2019-08-15,50.73566666666667
2019-08-16,50.77111111111111
2019-08-17,50.806555555555555
2019-08-18,50.842
2019-08-19,50.87744444444444
2019-08-20,50.91288888888889
2019-08-21,50.94833333333334
2019-08-22,50.98377777777778
2019-08-23,51.019222222222226
2019-08-24,51.05466666666667
2019-08-25,51.09011111111111
2019-08-26,51.12555555555556
2019-08-27,51.161
2019-08-28,51.20677777777778
2019-08-29,51.25255555555556
2019-08-30,51.29833333333333
2019-08-31,51.34411111111111
2019-09-01,51.38988888888889
2019-09-02,51.43566666666667
2019-09-03,51.48144444444444
2019-09-04,51.52722222222222
2019-09-05,51.573
2019-09-06,51.61877777777778
2019-09-07,51.66455555555556
2019-09-08,51.71033333333333
2019-09-09,51.75611111111111
2019-09-10,51.80188888888889
2019-09-11,51.84766666666667
2019-09-12,51.89344444444444
2019-09-13,51.93922222222222
2019-09-14,51.985
2019-09-15,52.03077777777778
2019-09-16,52.07655555555556
2019-09-17,52.12233333333333
2019-09-18,52.16811111111111
2019-09-19,52.21388888888889
2019-09-20,52.25966666666667
2019-09-21,52.30544444444444
2019-09-22,52.35122222222222
2019-09-23,52.397
2019-09-24,52.39651851851852
2019-09-25,52.39603703703703
2019-09-26,52.39555555555555
2019-09-27,52.395074074074074
2019-09-28,52.394592592592595
2019-09-29,52.39411111111111
2019-09-30,52.39362962962963
2019-10-01,52.39314814814815
2019-10-02,52.39266666666666
2019-10-03,52.392185185185184
2019-10-04,52.391703703703705
2019-10-05,52.39122222222222
2019-10-06,52.39074074074074
2019-10-07,52.39025925925926
2019-10-08,52.38977777777778
2019-10-09,52.389296296296294
2019-10-10,52.388814814814815
2019-10-11,52.388333333333335
2019-10-12,52.38785185185185
2019-10-13,52.38737037037037
2019-10-14,52.38688888888889
2019-10-15,52.386407407407404
2019-10-16,52.385925925925925
2019-10-17,52.385444444444445
2019-10-18,52.384962962962966
2019-10-19,52.38448148148148
2019-10-20,52.384
2019-10-21,52.37288888888889
2019-10-22,52.36177777777778
2019-10-23,52.35066666666667
2019-10-24,52.339555555555556
2019-10-25,52.32844444444444
2019-10-26,52.31733333333334
2019-10-27,52.306222222222225
2019-10-28,52.29511111111111
2019-10-29,52.284
2019-10-30,52.27288888888889
2019-10-31,52.26177777777778
2019-11-01,52.25066666666667
2019-11-02,52.239555555555555
2019-11-03,52.22844444444445
2019-11-04,52.217333333333336
2019-11-05,52.20622222222222
2019-11-06,52.19511111111111
2019-11-07,52.184000000000005
2019-11-08,52.17288888888889
2019-11-09,52.16177777777778
2019-11-10,52.150666666666666
2019-11-11,52.13955555555556
2019-11-12,52.12844444444445
2019-11-13,52.117333333333335
2019-11-14,52.10622222222222
2019-11-15,52.095111111111116
2019-11-16,52.084
2019-11-17,51.91351851851852
2019-11-18,51.74303703703704
2019-11-19,51.57255555555556
2019-11-20,51.40207407407408
2019-11-21,51.2315925925926
2019-11-22,51.06111111111112
2019-11-23,50.89062962962963
2019-11-24,50.72014814814815
2019-11-25,50.54966666666667
2019-11-26,50.379185185185186
2019-11-27,50.208703703703705
2019-11-28,50.038222222222224
2019-11-29,49.86774074074074
2019-11-30,49.69725925925926
2019-12-01,49.52677777777778
2019-12-02,49.3562962962963
2019-12-03,49.18581481481482
2019-12-04,49.01533333333334
2019-12-05,48.84485185185186
2019-12-06,48.67437037037037
2019-12-07,48.50388888888889
2019-12-08,48.33340740740741
2019-12-09,48.162925925925926
2019-12-10,47.992444444444445
2019-12-11,47.821962962962964
2019-12-12,47.65148148148148
2019-12-13,47.481
2019-12-14,47.44514814814815
2019-12-15,47.4092962962963
2019-12-16,47.373444444444445
2019-12-17,47.33759259259259
2019-12-18,47.30174074074074
2019-12-19,47.26588888888889
2019-12-20,47.230037037037036
2019-12-21,47.194185185185184
2019-12-22,47.15833333333333
2019-12-23,47.12248148148148
2019-12-24,47.08662962962963
2019-12-25,47.050777777777775
2019-12-26,47.01492592592592
2019-12-27,46.97907407407408
2019-12-28,46.943222222222225
2019-12-29,46.90737037037037
2019-12-30,46.87151851851852
2019-12-31,46.83566666666667
2020-01-01,46.799814814814816
2020-01-02,46.763962962962964
2020-01-03,46.72811111111111
2020-01-04,46.69225925925926
2020-01-05,46.65640740740741
2020-01-06,46.620555555555555
2020-01-07,46.5847037037037
2020-01-08,46.54885185185185
2020-01-09,46.513
2020-01-10,46.49537037037037
2020-01-11,46.47774074074074
2020-01-12,46.46011111111111
2020-01-13,46.44248148148148
2020-01-14,46.42485185185185
2020-01-15,46.407222222222224
2020-01-16,46.38959259259259
2020-01-17,46.37196296296296
2020-01-18,46.35433333333333
2020-01-19,46.336703703703705
2020-01-20,46.319074074074074
2020-01-21,46.30144444444444
2020-01-22,46.28381481481481
2020-01-23,46.266185185185186
2020-01-24,46.248555555555555
2020-01-25,46.23092592592592
2020-01-26,46.21329629629629
2020-01-27,46.19566666666667
2020-01-28,46.178037037037036
2020-01-29,46.160407407407405
2020-01-30,46.14277777777777
2020-01-31,46.12514814814815
2020-02-01,46.10751851851852
2020-02-02,46.089888888888886
2020-02-03,46.072259259259255
2020-02-04,46.05462962962963
2020-02-05,46.037
2020-02-06,46.026777777777774
2020-02-07,46.016555555555556
2020-02-08,46.00633333333333
2020-02-09,45.99611111111111
2020-02-10,45.98588888888889
2020-02-11,45.97566666666667
2020-02-12,45.965444444444444
2020-02-13,45.955222222222226
2020-02-14,45.945
2020-02-15,45.934777777777775
2020-02-16,45.92455555555556
2020-02-17,45.91433333333333
2020-02-18,45.90411111111111
2020-02-19,45.89388888888889
2020-02-20,45.88366666666667
2020-02-21,45.873444444444445
2020-02-22,45.86322222222223
2020-02-23,45.853
2020-02-24,45.842777777777776
2020-02-25,45.83255555555556
2020-02-26,45.82233333333333
2020-02-27,45.812111111111115
2020-02-28,45.80188888888889
2020-02-29,45.79166666666667
2020-03-01,45.781444444444446
2020-03-02,45.77122222222223
2020-03-03,45.761
2020-03-04,45.760000000000005
2020-03-05,45.759
2020-03-06,45.758
2020-03-07,45.757000000000005
2020-03-08,45.756
2020-03-09,45.755
2020-03-10,45.754000000000005
2020-03-11,45.753
2020-03-12,45.752
2020-03-13,45.751000000000005
2020-03-14,45.75
2020-03-15,45.749
2020-03-16,45.748000000000005
2020-03-17,45.747
2020-03-18,45.746
2020-03-19,45.745000000000005
2020-03-20,45.744
2020-03-21,45.743
2020-03-22,45.742000000000004
2020-03-23,45.741
2020-03-24,45.74
2020-03-25,45.739000000000004
2020-03-26,45.738
2020-03-27,45.737
2020-03-28,45.736000000000004
2020-03-29,45.735
2020-03-30,45.734
2020-03-31,45.745000000000005
2020-04-01,45.756
2020-04-02,45.767
2020-04-03,45.778
2020-04-04,45.789
2020-04-05,45.800000000000004
2020-04-06,45.811
2020-04-07,45.822
2020-04-08,45.833
2020-04-09,45.844
2020-04-10,45.855000000000004
2020-04-11,45.866
2020-04-12,45.877
2020-04-13,45.888
2020-04-14,45.899
2020-04-15,45.91
2020-04-16,45.921
2020-04-17,45.932
2020-04-18,45.943
2020-04-19,45.954
2020-04-20,45.964999999999996
2020-04-21,45.976
2020-04-22,45.987
2020-04-23,45.998
2020-04-24,46.009
2020-04-25,46.019999999999996
2020-04-26,46.031
2020-04-27,46.04574074074074
2020-04-28,46.06048148148148
2020-04-29,46.07522222222222
2020-04-30,46.089962962962964
2020-05-01,46.104703703703706
2020-05-02,46.11944444444445
2020-05-03,46.13418518518518
2020-05-04,46.14892592592592
2020-05-05,46.163666666666664
2020-05-06,46.178407407407406
2020-05-07,46.19314814814815
2020-05-08,46.20788888888889
2020-05-09,46.22262962962963
2020-05-10,46.23737037037037
2020-05-11,46.25211111111111
2020-05-12,46.266851851851854
2020-05-13,46.281592592592595
2020-05-14,46.29633333333334
2020-05-15,46.31107407407408
2020-05-16,46.32581481481482
2020-05-17,46.340555555555554
2020-05-18,46.355296296296295
2020-05-19,46.37003703703704
2020-05-20,46.38477777777778
2020-05-21,46.39951851851852
2020-05-22,46.41425925925926
2020-05-23,46.429
2020-05-24,46.46933333333334
2020-05-25,46.50966666666667
2020-05-26,46.550000000000004
2020-05-27,46.590333333333334
2020-05-28,46.63066666666667
2020-05-29,46.671
2020-05-30,46.711333333333336
2020-05-31,46.751666666666665
2020-06-01,46.792
2020-06-02,46.83233333333334
2020-06-03,46.87266666666667
2020-06-04,46.913000000000004
2020-06-05,46.95333333333333
2020-06-06,46.99366666666667
2020-06-07,47.034
2020-06-08,47.074333333333335
2020-06-09,47.114666666666665
2020-06-10,47.155
2020-06-11,47.19533333333334
2020-06-12,47.23566666666667
2020-06-13,47.276
2020-06-14,47.31633333333333
2020-06-15,47.35666666666667
2020-06-16,47.397
2020-06-17,47.437333333333335
2020-06-18,47.477666666666664
2020-06-19,47.518
2020-06-20,47.595666666666666
2020-06-21,47.67333333333333
2020-06-22,47.751
2020-06-23,47.82866666666667
2020-06-24,47.906333333333336
2020-06-25,47.984
2020-06-26,48.06166666666667
2020-06-27,48.13933333333333
2020-06-28,48.217
2020-06-29,48.294666666666664
2020-06-30,48.37233333333334
2020-07-01,48.45
2020-07-02,48.52766666666667
2020-07-03,48.605333333333334
2020-07-04,48.683
2020-07-05,48.760666666666665
2020-07-06,48.83833333333334
2020-07-07,48.916000000000004
2020-07-08,48.99366666666667
2020-07-09,49.071333333333335
2020-07-10,49.149
2020-07-11,49.22666666666667
2020-07-12,49.30433333333333
2020-07-13,49.382000000000005
2020-07-14,49.45966666666667
2020-07-15,49.537333333333336
2020-07-16,49.615
2020-07-17,49.64088888888889
2020-07-18,49.66677777777778
2020-07-19,49.69266666666667
2020-07-20,49.718555555555554
2020-07-21,49.74444444444445
2020-07-22,49.77033333333333
2020-07-23,49.79622222222223
2020-07-24,49.82211111111111
2020-07-25,49.848
2020-07-26,49.87388888888889
2020-07-27,49.89977777777778
2020-07-28,49.925666666666665
2020-07-29,49.95155555555556
2020-07-30,49.977444444444444
2020-07-31,50.00333333333334
2020-08-01,50.029222222222224
2020-08-02,50.05511111111111
2020-08-03,50.081
2020-08-04,50.10688888888889
2020-08-05,50.132777777777775
2020-08-06,50.15866666666667
2020-08-07,50.184555555555555
2020-08-08,50.21044444444445
2020-08-09,50.236333333333334
2020-08-10,50.26222222222222
2020-08-11,50.288111111111114
2020-08-12,50.314
2020-08-13,50.34088888888889
2020-08-14,50.367777777777775
2020-08-15,50.394666666666666
2020-08-16,50.42155555555556
2020-08-17,50.44844444444445
2020-08-18,50.47533333333333
2020-08-19,50.50222222222222
2020-08-20,50.52911111111111
2020-08-21,50.556
2020-08-22,50.58288888888889
2020-08-23,50.60977777777778
2020-08-24,50.63666666666666
2020-08-25,50.663555555555554
2020-08-26,50.690444444444445
2020-08-27,50.717333333333336
2020-08-28,50.74422222222222
2020-08-29,50.77111111111111
2020-08-30,50.798
2020-08-31,50.824888888888886
2020-09-01,50.85177777777778
2020-09-02,50.87866666666667
2020-09-03,50.90555555555555
2020-09-04,50.93244444444444
2020-09-05,50.95933333333333
2020-09-06,50.986222222222224
2020-09-07,51.01311111111111
2020-09-08,51.04
2020-09-09,51.09429629629629
2020-09-10,51.14859259259259
2020-09-11,51.202888888888886
2020-09-12,51.257185185185186
2020-09-13,51.31148148148148
2020-09-14,51.36577777777778
2020-09-15,51.42007407407407
2020-09-16,51.47437037037037
2020-09-17,51.528666666666666
2020-09-18,51.58296296296296
2020-09-19,51.63725925925926
2020-09-20,51.69155555555555
2020-09-21,51.74585185185185
2020-09-22,51.800148148148146
2020-09-23,51.85444444444445
2020-09-24,51.90874074074074
2020-09-25,51.96303703703704
2020-09-26,52.01733333333333
2020-09-27,52.071629629629626
2020-09-28,52.12592592592593
2020-09-29,52.18022222222222
2020-09-30,52.23451851851852
2020-10-01,52.28881481481481
2020-10-02,52.343111111111114
2020-10-03,52.39740740740741
2020-10-04,52.45170370370371
2020-10-05,52.506
2020-10-06,52.41833333333334
2020-10-07,52.330666666666666
2020-10-08,52.243
2020-10-09,52.15533333333333
2020-10-10,52.06766666666667
2020-10-11,51.980000000000004
2020-10-12,51.89233333333333
2020-10-13,51.80466666666667
2020-10-14,51.717
2020-10-15,51.629333333333335
2020-10-16,51.54166666666667
2020-10-17,51.454
2020-10-18,51.36633333333334
2020-10-19,51.278666666666666
2020-10-20,51.191
2020-10-21,51.10333333333333
2020-10-22,51.01566666666667
2020-10-23,50.928000000000004
2020-10-24,50.840333333333334
2020-10-25,50.75266666666667
2020-10-26,50.665
2020-10-27,50.577333333333335
2020-10-28,50.48966666666667
2020-10-29,50.402
2020-10-30,50.31433333333334
2020-10-31,50.22666666666667
2020-11-01,50.139
2020-11-02,50.02462962962963
2020-11-03,49.91025925925926
2020-11-04,49.79588888888889
2020-11-05,49.68151851851852
2020-11-06,49.56714814814815
2020-11-07,49.45277777777778
2020-11-08,49.33840740740741
2020-11-09,49.22403703703704
2020-11-10,49.10966666666667
2020-11-11,48.995296296296296
2020-11-12,48.88092592592593
2020-11-13,48.766555555555556
2020-11-14,48.65218518518519
2020-11-15,48.537814814814816
2020-11-16,48.42344444444445
2020-11-17,48.309074074074076
2020-11-18,48.19470370370371
2020-11-19,48.080333333333336
2020-11-20,47.96596296296296
2020-11-21,47.851592592592596
2020-11-22,47.73722222222222
2020-11-23,47.622851851851856
2020-11-24,47.50848148148148
2020-11-25,47.394111111111116
2020-11-26,47.27974074074074
2020-11-27,47.165370370370375
2020-11-28,47.051
2020-11-29,47.02003703703704
2020-11-30,46.989074074074075
2020-12-01,46.958111111111116
2020-12-02,46.92714814814815
2020-12-03,46.89618518518519
2020-12-04,46.86522222222222
2020-12-05,46.83425925925926
2020-12-06,46.803296296296296
2020-12-07,46.772333333333336
2020-12-08,46.741370370370376
2020-12-09,46.71040740740741
2020-12-10,46.67944444444445
2020-12-11,46.64848148148148
2020-12-12,46.61751851851852
2020-12-13,46.586555555555556
2020-12-14,46.555592592592596
2020-12-15,46.52462962962963
2020-12-16,46.49366666666667
2020-12-17,46.46270370370371
2020-12-18,46.43174074074074
2020-12-19,46.40077777777778
2020-12-20,46.369814814814816
2020-12-21,46.33885185185186
2020-12-22,46.30788888888889
2020-12-23,46.27692592592593
2020-12-24,46.24596296296296
2020-12-25,46.215
2020-12-26,46.20418518518519
2020-12-27,46.193370370370374
2020-12-28,46.18255555555556
2020-12-29,46.171740740740745
2020-12-30,46.16092592592593
2020-12-31,46.150111111111116
2021-01-01,46.1392962962963
2021-01-02,46.12848148148149
2021-01-03,46.11766666666667
2021-01-04,46.10685185185186
2021-01-05,46.09603703703704
2021-01-06,46.08522222222223
2021-01-07,46.07440740740741
2021-01-08,46.06359259259259
2021-01-09,46.05277777777778
2021-01-10,46.04196296296296
2021-01-11,46.03114814814815
2021-01-12,46.02033333333333
2021-01-13,46.00951851851852
2021-01-14,45.998703703703704
2021-01-15,45.98788888888889
2021-01-16,45.977074074074075
2021-01-17,45.96625925925926
2021-01-18,45.955444444444446
2021-01-19,45.94462962962963
2021-01-20,45.933814814814816
2021-01-21,45.923
2021-01-22,45.91498148148148
2021-01-23,45.906962962962965
2021-01-24,45.898944444444446
2021-01-25,45.89092592592593
2021-01-26,45.88290740740741
2021-01-27,45.87488888888889
2021-01-28,45.86687037037037
2021-01-29,45.85885185185185
2021-01-30,45.850833333333334
2021-01-31,45.842814814814815
2021-02-01,45.8347962962963
2021-02-02,45.82677777777778
2021-02-03,45.81875925925926
2021-02-04,45.81074074074074
2021-02-05,45.80272222222222
2021-02-06,45.7947037037037
2021-02-07,45.786685185185185
2021-02-08,45.778666666666666
2021-02-09,45.77064814814815
2021-02-10,45.76262962962963
2021-02-11,45.75461111111111
2021-02-12,45.74659259259259
2021-02-13,45.73857407407407
2021-02-14,45.730555555555554
2021-02-15,45.722537037037036
2021-02-16,45.71451851851852
2021-02-17,45.706500000000005
2021-02-18,45.69848148148149
2021-02-19,45.69046296296297
2021-02-20,45.68244444444445
2021-02-21,45.67442592592593
2021-02-22,45.66640740740741
2021-02-23,45.658388888888894
2021-02-24,45.650370370370375
2021-02-25,45.642351851851856
2021-02-26,45.63433333333334
2021-02-27,45.62631481481482
2021-02-28,45.6182962962963
2021-03-01,45.61027777777778
2021-03-02,45.60225925925926
2021-03-03,45.594240740740744
2021-03-04,45.586222222222226
2021-03-05,45.57820370370371
2021-03-06,45.57018518518519
2021-03-07,45.56216666666667
2021-03-08,45.55414814814815
2021-03-09,45.54612962962963
2021-03-10,45.538111111111114
2021-03-11,45.530092592592595
2021-03-12,45.52207407407408
2021-03-13,45.51405555555556
2021-03-14,45.50603703703704
2021-03-15,45.49801851851852
2021-03-16,45.49
2021-03-17,45.489074074074075
2021-03-18,45.48814814814815
2021-03-19,45.48722222222222
2021-03-20,45.486296296296295
2021-03-21,45.485370370370376
2021-03-22,45.48444444444445
2021-03-23,45.48351851851852
2021-03-24,45.482592592592596
2021-03-25,45.48166666666667
2021-03-26,45.48074074074074
2021-03-27,45.479814814814816
2021-03-28,45.47888888888889
2021-03-29,45.47796296296296
2021-03-30,45.47703703703704
2021-03-31,45.476111111111116
2021-04-01,45.47518518518519
2021-04-02,45.47425925925926
2021-04-03,45.473333333333336
2021-04-04,45.47240740740741
2021-04-05,45.47148148148148
2021-04-06,45.470555555555556
2021-04-07,45.46962962962963
2021-04-08,45.46870370370371
2021-04-09,45.46777777777778
2021-04-10,45.46685185185186
2021-04-11,45.46592592592593
2021-04-12,45.465
2021-04-13,45.473370370370375
2021-04-14,45.48174074074075
2021-04-15,45.49011111111111
2021-04-16,45.498481481481484
2021-04-17,45.506851851851856
2021-04-18,45.51522222222223
2021-04-19,45.52359259259259
2021-04-20,45.531962962962965
2021-04-21,45.540333333333336
2021-04-22,45.54870370370371
2021-04-23,45.55707407407408
2021-04-24,45.565444444444445
2021-04-25,45.57381481481482
2021-04-26,45.58218518518519
2021-04-27,45.59055555555556
2021-04-28,45.598925925925926
2021-04-29,45.6072962962963
2021-04-30,45.61566666666667
2021-05-01,45.62403703703704
2021-05-02,45.63240740740741
2021-05-03,45.64077777777778
2021-05-04,45.64914814814815
2021-05-05,45.65751851851852
2021-05-06,45.665888888888894
2021-05-07,45.67425925925926
2021-05-08,45.68262962962963
2021-05-09,45.691
2021-05-10,45.71962962962963
2021-05-11,45.748259259259264
2021-05-12,45.77688888888889
2021-05-13,45.80551851851852
2021-05-14,45.83414814814815
2021-05-15,45.86277777777778
2021-05-16,45.89140740740741
2021-05-17,45.92003703703704
2021-05-18,45.94866666666667
2021-05-19,45.977296296296295
2021-05-20,46.00592592592593
2021-05-21,46.034555555555556
2021-05-22,46.06318518518518
2021-05-23,46.09181481481482
2021-05-24,46.120444444444445
2021-05-25,46.14907407407407
2021-05-26,46.177703703703706
2021-05-27,46.20633333333333
2021-05-28,46.23496296296296
2021-05-29,46.263592592592595
2021-05-30,46.29222222222222
2021-05-31,46.32085185185185
2021-06-01,46.34948148148148
2021-06-02,46.37811111111111
2021-06-03,46.40674074074074
2021-06-04,46.43537037037037
2021-06-05,46.464
2021-06-06,46.51651851851852
2021-06-07,46.569037037037035
2021-06-08,46.62155555555555
2021-06-09,46.67407407407407
2021-06-10,46.72659259259259
2021-06-11,46.779111111111106
2021-06-12,46.83162962962963
2021-06-13,46.88414814814815
2021-06-14,46.93666666666667
2021-06-15,46.989185185185185
2021-06-16,47.0417037037037
2021-06-17,47.09422222222222
2021-06-18,47.14674074074074
2021-06-19,47.19925925925926
2021-06-20,47.251777777777775
2021-06-21,47.30429629629629
2021-06-22,47.35681481481481
2021-06-23,47.40933333333333
2021-06-24,47.46185185185185
2021-06-25,47.51437037037037
2021-06-26,47.56688888888889
2021-06-27,47.61940740740741
2021-06-28,47.671925925925926
2021-06-29,47.724444444444444
2021-06-30,47.77696296296296
2021-07-01,47.82948148148148
2021-07-02,47.882
2021-07-03,47.9517037037037
2021-07-04,48.02140740740741
2021-07-05,48.09111111111111
2021-07-06,48.16081481481481
2021-07-07,48.230518518518515
2021-07-08,48.300222222222224
2021-07-09,48.369925925925926
2021-07-10,48.43962962962963
2021-07-11,48.50933333333333
2021-07-12,48.57903703703704
2021-07-13,48.64874074074074
2021-07-14,48.718444444444444
2021-07-15,48.788148148148146
2021-07-16,48.857851851851855
2021-07-17,48.92755555555556
2021-07-18,48.99725925925926
2021-07-19,49.06696296296296
2021-07-20,49.13666666666667
2021-07-21,49.20637037037037
2021-07-22,49.276074074074074
2021-07-23,49.345777777777776
2021-07-24,49.415481481481486
2021-07-25,49.48518518518519
2021-07-26,49.55488888888889
2021-07-27,49.62459259259259
2021-07-28,49.6942962962963
2021-07-29,49.764
2021-07-30,49.814851851851856
2021-07-31,49.86570370370371
2021-08-01,49.91655555555556
2021-08-02,49.96740740740741
2021-08-03,50.01825925925926
2021-08-04,50.06911111111111
2021-08-05,50.119962962962965
2021-08-06,50.17081481481482
2021-08-07,50.22166666666667
2021-08-08,50.272518518518524
2021-08-09,50.32337037037037
2021-08-10,50.37422222222222
2021-08-11,50.425074074074075
2021-08-12,50.47592592592593
2021-08-13,50.52677777777778
2021-08-14,50.577629629629634
2021-08-15,50.62848148148148
2021-08-16,50.67933333333333
2021-08-17,50.730185185185185
2021-08-18,50.78103703703704
2021-08-19,50.83188888888889
2021-08-20,50.88274074074074
2021-08-21,50.933592592592596
2021-08-22,50.98444444444444
2021-08-23,51.035296296296295
2021-08-24,51.08614814814815
2021-08-25,51.137
2021-08-26,51.16444444444444
2021-08-27,51.19188888888889
2021-08-28,51.21933333333333
2021-08-29,51.24677777777778
2021-08-30,51.27422222222222
2021-08-31,51.30166666666667
2021-09-01,51.32911111111111
2021-09-02,51.35655555555556
2021-09-03,51.384
2021-09-04,51.41144444444444
2021-09-05,51.43888888888889
2021-09-06,51.46633333333333
2021-09-07,51.49377777777778
2021-09-08,51.52122222222222
2021-09-09,51.54866666666667
2021-09-10,51.57611111111111
2021-09-11,51.60355555555556
2021-09-12,51.631
2021-09-13,51.65844444444444
2021-09-14,51.68588888888889
2021-09-15,51.71333333333333
2021-09-16,51.74077777777778
2021-09-17,51.76822222222222
2021-09-18,51.79566666666667
2021-09-19,51.82311111111111
2021-09-20,51.85055555555556
2021-09-21,51.878
2021-09-22,51.794666666666664
2021-09-23,51.711333333333336
2021-09-24,51.628
2021-09-25,51.544666666666664
2021-09-26,51.461333333333336
2021-09-27,51.378
2021-09-28,51.294666666666664
2021-09-29,51.211333333333336
2021-09-30,51.128
2021-10-01,51.044666666666664
2021-10-02,50.961333333333336
2021-10-03,50.878
2021-10-04,50.794666666666664
2021-10-05,50.711333333333336
2021-10-06,50.628
2021-10-07,50.544666666666664
2021-10-08,50.461333333333336
2021-10-09,50.378
2021-10-10,50.294666666666664
2021-10-11,50.211333333333336
2021-10-12,50.128
2021-10-13,50.044666666666664
2021-10-14,49.961333333333336
2021-10-15,49.878
2021-10-16,49.794666666666664
2021-10-17,49.711333333333336
2021-10-18,49.628
2021-10-19,49.59092592592592
2021-10-20,49.55385185185185
2021-10-21,49.516777777777776
2021-10-22,49.479703703703706
2021-10-23,49.44262962962963
2021-10-24,49.40555555555556
2021-10-25,49.36848148148148
2021-10-26,49.33140740740741
2021-10-27,49.294333333333334
2021-10-28,49.25725925925926
2021-10-29,49.22018518518519
2021-10-30,49.18311111111111
2021-10-31,49.14603703703704
2021-11-01,49.10896296296296
2021-11-02,49.07188888888889
2021-11-03,49.034814814814816
2021-11-04,48.997740740740745
2021-11-05,48.96066666666667
2021-11-06,48.92359259259259
2021-11-07,48.88651851851852
2021-11-08,48.849444444444444
2021-11-09,48.812370370370374
2021-11-10,48.7752962962963
2021-11-11,48.73822222222223
2021-11-12,48.70114814814815
2021-11-13,48.66407407407408
2021-11-14,48.627
2021-11-15,48.56040740740741
2021-11-16,48.49381481481482
2021-11-17,48.42722222222223
2021-11-18,48.360629629629635
2021-11-19,48.294037037037036
2021-11-20,48.227444444444444
2021-11-21,48.16085185185185
2021-11-22,48.09425925925926
2021-11-23,48.02766666666667
2021-11-24,47.96107407407408
2021-11-25,47.894481481481485
2021-11-26,47.82788888888889
2021-11-27,47.7612962962963
2021-11-28,47.6947037037037
2021-11-29,47.62811111111111
2021-11-30,47.56151851851852
2021-12-01,47.494925925925926
2021-12-02,47.428333333333335
2021-12-03,47.36174074074074
2021-12-04,47.29514814814815
2021-12-05,47.22855555555556
2021-12-06,47.16196296296297
2021-12-07,47.09537037037037
2021-12-08,47.028777777777776
2021-12-09,46.962185185185184
2021-12-10,46.89559259259259
2021-12-11,46.829
2021-12-12,46.799962962962965
2021-12-13,46.77092592592593
2021-12-14,46.74188888888889
2021-12-15,46.71285185185185
2021-12-16,46.683814814814816
2021-12-17,46.65477777777778
2021-12-18,46.62574074074074
2021-12-19,46.5967037037037
2021-12-20,46.56766666666667
2021-12-21,46.53862962962963
2021-12-22,46.5095925925926
2021-12-23,46.480555555555554
2021-12-24,46.45151851851852
2021-12-25,46.42248148148148
2021-12-26,46.39344444444445
2021-12-27,46.364407407407406
2021-12-28,46.33537037037037
2021-12-29,46.306333333333335
2021-12-30,46.2772962962963
2021-12-31,46.248259259259264
2022-01-01,46.21922222222222
2022-01-02,46.190185185185186
2022-01-03,46.16114814814815
2022-01-04,46.132111111111115
2022-01-05,46.10307407407407
2022-01-06,46.07403703703704
2022-01-07,46.045
2022-01-08,46.037111111111116
2022-01-09,46.029222222222224
2022-01-10,46.02133333333334
2022-01-11,46.013444444444445
2022-01-12,46.00555555555556
2022-01-13,45.99766666666667
2022-01-14,45.98977777777778
2022-01-15,45.98188888888889
2022-01-16,45.974000000000004
2022-01-17,45.96611111111111
2022-01-18,45.958222222222226
2022-01-19,45.95033333333333
2022-01-20,45.94244444444445
2022-01-21,45.934555555555555
2022-01-22,45.92666666666667
2022-01-23,45.91877777777778
2022-01-24,45.91088888888889
2022-01-25,45.903
2022-01-26,45.89511111111111
2022-01-27,45.88722222222222
2022-01-28,45.879333333333335
2022-01-29,45.87144444444444
2022-01-30,45.86355555555556
2022-01-31,45.855666666666664
2022-02-01,45.84777777777778
2022-02-02,45.839888888888886
2022-02-03,45.832
2022-02-04,45.82914814814815
2022-02-05,45.8262962962963
2022-02-06,45.82344444444445
2022-02-07,45.8205925925926
2022-02-08,45.81774074074074
2022-02-09,45.81488888888889
2022-02-10,45.81203703703704
2022-02-11,45.809185185185186
2022-02-12,45.806333333333335
2022-02-13,45.803481481481484
2022-02-14,45.80062962962963
2022-02-15,45.79777777777778
2022-02-16,45.79492592592593
2022-02-17,45.79207407407407
2022-02-18,45.78922222222222
2022-02-19,45.78637037037037
2022-02-20,45.78351851851852
2022-02-21,45.78066666666667
2022-02-22,45.77781481481482
2022-02-23,45.77496296296297
2022-02-24,45.772111111111116
2022-02-25,45.769259259259265
2022-02-26,45.76640740740741
2022-02-27,45.763555555555556
2022-02-28,45.760703703703705
2022-03-01,45.757851851851854
2022-03-02,45.755
2022-03-03,45.745074074074076
2022-03-04,45.73514814814815
2022-03-05,45.72522222222222
2022-03-06,45.7152962962963
2022-03-07,45.705370370370375
2022-03-08,45.69544444444445
2022-03-09,45.68551851851852
2022-03-10,45.675592592592594
2022-03-11,45.66566666666667
2022-03-12,45.65574074074074
2022-03-13,45.64581481481482
2022-03-14,45.63588888888889
2022-03-15,45.625962962962966
2022-03-16,45.61603703703704
2022-03-17,45.60611111111111
2022-03-18,45.596185185185185
2022-03-19,45.586259259259265
2022-03-20,45.57633333333334
2022-03-21,45.56640740740741
2022-03-22,45.556481481481484
2022-03-23,45.54655555555556
2022-03-24,45.53662962962963
2022-03-25,45.5267037037037
2022-03-26,45.51677777777778
2022-03-27,45.506851851851856
2022-03-28,45.49692592592593
2022-03-29,45.487
2022-03-30,45.50648148148149
2022-03-31,45.525962962962964
2022-04-01,45.54544444444445
2022-04-02,45.56492592592593
2022-04-03,45.58440740740741
2022-04-04,45.60388888888889
2022-04-05,45.623370370370374
2022-04-06,45.64285185185185
2022-04-07,45.662333333333336
2022-04-08,45.681814814814814
2022-04-09,45.7012962962963
2022-04-10,45.720777777777776
2022-04-11,45.74025925925926
2022-04-12,45.75974074074074
2022-04-13,45.779222222222224
2022-04-14,45.7987037037037
2022-04-15,45.818185185185186
2022-04-16,45.837666666666664
2022-04-17,45.85714814814815
2022-04-18,45.876629629629626
2022-04-19,45.89611111111111
2022-04-20,45.91559259259259
2022-04-21,45.93507407407407
2022-04-22,45.95455555555555
2022-04-23,45.974037037037036
2022-04-24,45.99351851851851
2022-04-25,46.013
2022-04-26,46.03122222222222
2022-04-27,46.04944444444444
2022-04-28,46.06766666666667
2022-04-29,46.08588888888889
2022-04-30,46.10411111111111
2022-05-01,46.12233333333333
2022-05-02,46.14055555555555
2022-05-03,46.15877777777778
2022-05-04,46.177
2022-05-05,46.19522222222222
2022-05-06,46.21344444444444
2022-05-07,46.23166666666666
2022-05-08,46.24988888888889
2022-05-09,46.26811111111111
2022-05-10,46.28633333333333
2022-05-11,46.30455555555555
2022-05-12,46.32277777777777
2022-05-13,46.341
2022-05-14,46.35922222222222
2022-05-15,46.37744444444444
2022-05-16,46.39566666666666
2022-05-17,46.413888888888884
2022-05-18,46.43211111111111
2022-05-19,46.45033333333333
2022-05-20,46.468555555555554
2022-05-21,46.486777777777775
2022-05-22,46.504999999999995
2022-05-23,46.52322222222222
2022-05-24,46.541444444444444
2022-05-25,46.559666666666665
2022-05-26,46.577888888888886
2022-05-27,46.596111111111114
2022-05-28,46.614333333333335
2022-05-29,46.632555555555555
2022-05-30,46.650777777777776
2022-05-31,46.669
2022-06-01,46.687222222222225
2022-06-02,46.705444444444446
2022-06-03,46.72366666666667
2022-06-04,46.74188888888889
2022-06-05,46.76011111111111
2022-06-06,46.778333333333336
2022-06-07,46.79655555555556
2022-06-08,46.81477777777778
2022-06-09,46.833
2022-06-10,46.85122222222222
2022-06-11,46.86944444444445
2022-06-12,46.88766666666667
2022-06-13,46.90588888888889
2022-06-14,46.92411111111111
2022-06-15,46.94233333333333
2022-06-16,46.96055555555556
2022-06-17,46.97877777777778
2022-06-18,46.997
2022-06-19,47.066185185185184
2022-06-20,47.13537037037037
2022-06-21,47.20455555555556
2022-06-22,47.27374074074074
2022-06-23,47.342925925925925
2022-06-24,47.41211111111111
2022-06-25,47.4812962962963
2022-06-26,47.550481481481484
2022-06-27,47.61966666666667
2022-06-28,47.68885185185185
2022-06-29,47.758037037037035
2022-06-30,47.827222222222225
2022-07-01,47.89640740740741
2022-07-02,47.96559259259259
2022-07-03,48.03477777777778
2022-07-04,48.10396296296297
2022-07-05,48.17314814814815
2022-07-06,48.242333333333335
2022-07-07,48.31151851851852
2022-07-08,48.3807037037037
2022-07-09,48.44988888888889
2022-07-10,48.51907407407408
2022-07-11,48.58825925925926
2022-07-12,48.657444444444444
2022-07-13,48.726629629629635
2022-07-14,48.79581481481482
2022-07-15,48.865
2022-07-16,48.92037037037037
2022-07-17,48.97574074074074
2022-07-18,49.031111111111116
2022-07-19,49.086481481481485
2022-07-20,49.141851851851854
2022-07-21,49.19722222222222
2022-07-22,49.25259259259259
2022-07-23,49.30796296296296
2022-07-24,49.36333333333334
2022-07-25,49.418703703703706
2022-07-26,49.474074074074075
2022-07-27,49.529444444444444
2022-07-28,49.58481481481481
2022-07-29,49.64018518518519
2022-07-30,49.69555555555556
2022-07-31,49.75092592592593
2022-08-01,49.806296296296296
2022-08-02,49.861666666666665
2022-08-03,49.91703703703704
2022-08-04,49.97240740740741
2022-08-05,50.02777777777778
2022-08-06,50.08314814814815
2022-08-07,50.13851851851852
2022-08-08,50.193888888888885
2022-08-09,50.24925925925926
2022-08-10,50.30462962962963
2022-08-11,50.36
2022-08-12,50.44177777777778
2022-08-13,50.523555555555554
2022-08-14,50.605333333333334
2022-08-15,50.68711111111111
2022-08-16,50.76888888888889
2022-08-17,50.85066666666667
2022-08-18,50.93244444444444
2022-08-19,51.01422222222222
2022-08-20,51.096
2022-08-21,51.17777777777778
2022-08-22,51.25955555555556
2022-08-23,51.34133333333333
2022-08-24,51.42311111111111
2022-08-25,51.504888888888885
2022-08-26,51.586666666666666
2022-08-27,51.66844444444444
2022-08-28,51.75022222222222
2022-08-29,51.832
2022-08-30,51.913777777777774
2022-08-31,51.995555555555555
2022-09-01,52.07733333333333
2022-09-02,52.15911111111111
2022-09-03,52.24088888888889
2022-09-04,52.32266666666666
2022-09-05,52.404444444444444
2022-09-06,52.48622222222222
2022-09-07,52.568
2022-09-08,52.59248148148148
2022-09-09,52.61696296296296
2022-09-10,52.641444444444446
2022-09-11,52.665925925925926
2022-09-12,52.690407407407406
2022-09-13,52.714888888888886
2022-09-14,52.73937037037037
2022-09-15,52.76385185185185
2022-09-16,52.788333333333334
2022-09-17,52.812814814814814
2022-09-18,52.837296296296294
2022-09-19,52.861777777777775
2022-09-20,52.886259259259255
2022-09-21,52.91074074074074
2022-09-22,52.93522222222222
2022-09-23,52.9597037037037
2022-09-24,52.98418518518518
2022-09-25,53.00866666666666
2022-09-26,53.03314814814815
2022-09-27,53.05762962962963
2022-09-28,53.08211111111111
2022-09-29,53.10659259259259
2022-09-30,53.13107407407407
2022-10-01,53.15555555555555
2022-10-02,53.18003703703704
2022-10-03,53.20451851851852
2022-10-04,53.229
2022-10-05,53.181296296296296
2022-10-06,53.13359259259259
2022-10-07,53.08588888888889
2022-10-08,53.038185185185185
2022-10-09,52.99048148148148
2022-10-10,52.94277777777778
2022-10-11,52.895074074074074
2022-10-12,52.84737037037037
2022-10-13,52.79966666666667
2022-10-14,52.75196296296296
2022-10-15,52.70425925925926
2022-10-16,52.656555555555556
2022-10-17,52.60885185185185
2022-10-18,52.56114814814815
2022-10-19,52.513444444444445
2022-10-20,52.46574074074074
2022-10-21,52.41803703703704
2022-10-22,52.370333333333335
2022-10-23,52.32262962962963
2022-10-24,52.27492592592593
2022-10-25,52.227222222222224
2022-10-26,52.17951851851852
2022-10-27,52.13181481481482
2022-10-28,52.08411111111111
2022-10-29,52.03640740740741
2022-10-30,51.988703703703706
2022-10-31,51.941
2022-11-01,51.78288888888889
2022-11-02,51.62477777777778
2022-11-03,51.46666666666667
2022-11-04,51.30855555555556
2022-11-05,51.150444444444446
2022-11-06,50.992333333333335
2022-11-07,50.83422222222222
2022-11-08,50.67611111111111
2022-11-09,50.518
2022-11-10,50.35988888888889
2022-11-11,50.20177777777778
2022-11-12,50.04366666666667
2022-11-13,49.885555555555555
2022-11-14,49.727444444444444
2022-11-15,49.56933333333333
2022-11-16,49.41122222222222
2022-11-17,49.25311111111111
2022-11-18,49.095
2022-11-19,48.93688888888889
2022-11-20,48.778777777777776
2022-11-21,48.620666666666665
2022-11-22,48.462555555555554
2022-11-23,48.30444444444444
2022-11-24,48.14633333333333
2022-11-25,47.98822222222222
2022-11-26,47.83011111111111
2022-11-27,47.672
2022-11-28,47.63837037037037
2022-11-29,47.60474074074074
2022-11-30,47.57111111111111
2022-12-01,47.53748148148148
2022-12-02,47.50385185185185
2022-12-03,47.47022222222222
2022-12-04,47.43659259259259
2022-12-05,47.40296296296296
2022-12-06,47.36933333333333
2022-12-07,47.3357037037037
2022-12-08,47.30207407407407
2022-12-09,47.26844444444444
2022-12-10,47.23481481481481
2022-12-11,47.20118518518519
2022-12-12,47.16755555555556
2022-12-13,47.13392592592593
2022-12-14,47.1002962962963
2022-12-15,47.06666666666667
2022-12-16,47.03303703703704
2022-12-17,46.99940740740741
2022-12-18,46.96577777777778
2022-12-19,46.93214814814815
2022-12-20,46.89851851851852
2022-12-21,46.86488888888889
2022-12-22,46.83125925925926
2022-12-23,46.79762962962963
2022-12-24,46.764
2022-12-25,46.74318518518519
2022-12-26,46.72237037037037
2022-12-27,46.70155555555556
2022-12-28,46.680740740740745
2022-12-29,46.659925925925926
2022-12-30,46.63911111111111
2022-12-31,46.6182962962963
2023-01-01,46.59748148148148
2023-01-02,46.57666666666667
2023-01-03,46.555851851851855
2023-01-04,46.535037037037036
2023-01-05,46.51422222222222
2023-01-06,46.49340740740741
2023-01-07,46.47259259259259
2023-01-08,46.45177777777778
2023-01-09,46.430962962962965
2023-01-10,46.410148148148146
2023-01-11,46.38933333333333
2023-01-12,46.36851851851852
2023-01-13,46.3477037037037
2023-01-14,46.32688888888889
2023-01-15,46.306074074074075
2023-01-16,46.285259259259256
2023-01-17,46.26444444444444
2023-01-18,46.24362962962963
2023-01-19,46.22281481481481
2023-01-20,46.202
2023-01-21,46.20085185185185
2023-01-22,46.199703703703705
2023-01-23,46.19855555555555
2023-01-24,46.197407407407404
2023-01-25,46.19625925925926
2023-01-26,46.19511111111111
2023-01-27,46.193962962962964
2023-01-28,46.19281481481482
2023-01-29,46.19166666666666
2023-01-30,46.190518518518516
2023-01-31,46.18937037037037
2023-02-01,46.18822222222222
2023-02-02,46.187074074074076
2023-02-03,46.18592592592592
2023-02-04,46.184777777777775
2023-02-05,46.18362962962963
2023-02-06,46.18248148148148
2023-02-07,46.181333333333335
2023-02-08,46.18018518518518
2023-02-09,46.179037037037034
2023-02-10,46.17788888888889
2023-02-11,46.17674074074074
2023-02-12,46.175592592592594
2023-02-13,46.17444444444445
2023-02-14,46.17329629629629
2023-02-15,46.172148148148146
2023-02-16,46.171
2023-02-17,46.15674074074074
2023-02-18,46.14248148148148
2023-02-19,46.12822222222222
2023-02-20,46.113962962962965
2023-02-21,46.0997037037037
2023-02-22,46.08544444444444
2023-02-23,46.071185185185186
2023-02-24,46.056925925925924
2023-02-25,46.04266666666667
2023-02-26,46.02840740740741
2023-02-27,46.014148148148145
2023-02-28,45.99988888888889
2023-03-01,45.98562962962963
2023-03-02,45.97137037037037
2023-03-03,45.95711111111111
2023-03-04,45.942851851851856
2023-03-05,45.928592592592594
2023-03-06,45.91433333333333
2023-03-07,45.90007407407408
2023-03-08,45.885814814814815
2023-03-09,45.87155555555556
2023-03-10,45.8572962962963
2023-03-11,45.843037037037035
2023-03-12,45.82877777777778
2023-03-13,45.81451851851852
2023-03-14,45.80025925925926
2023-03-15,45.786
2023-03-16,45.78933333333333
2023-03-17,45.79266666666667
2023-03-18,45.796
2023-03-19,45.79933333333334
2023-03-20,45.80266666666667
2023-03-21,45.806
2023-03-22,45.809333333333335
2023-03-23,45.812666666666665
2023-03-24,45.816
2023-03-25,45.81933333333333
2023-03-26,45.82266666666666
2023-03-27,45.826
2023-03-28,45.82933333333333
2023-03-29,45.83266666666667
2023-03-30,45.836
2023-03-31,45.839333333333336
2023-04-01,45.842666666666666
2023-04-02,45.846
2023-04-03,45.849333333333334
2023-04-04,45.852666666666664
2023-04-05,45.856
2023-04-06,45.85933333333333
2023-04-07,45.86266666666666
2023-04-08,45.866
2023-04-09,45.86933333333333
2023-04-10,45.87266666666667
2023-04-11,45.876
2023-04-12,45.88622222222222
2023-04-13,45.89644444444444
2023-04-14,45.906666666666666
2023-04-15,45.916888888888884
2023-04-16,45.92711111111111
2023-04-17,45.937333333333335
2023-04-18,45.94755555555555
2023-04-19,45.95777777777778
2023-04-20,45.967999999999996
2023-04-21,45.97822222222222
2023-04-22,45.98844444444445
2023-04-23,45.998666666666665
2023-04-24,46.00888888888889
2023-04-25,46.01911111111111
2023-04-26,46.029333333333334
2023-04-27,46.03955555555555
2023-04-28,46.04977777777778
2023-04-29,46.06
2023-04-30,46.07022222222222
2023-05-01,46.080444444444446
2023-05-02,46.090666666666664
2023-05-03,46.10088888888889
2023-05-04,46.111111111111114
2023-05-05,46.12133333333333
2023-05-06,46.13155555555556
2023-05-07,46.141777777777776
2023-05-08,46.152
2023-05-09,46.18651851851852
2023-05-10,46.221037037037036
2023-05-11,46.25555555555556
2023-05-12,46.29007407407408
2023-05-13,46.324592592592595
2023-05-14,46.35911111111111
2023-05-15,46.39362962962963
2023-05-16,46.428148148148146
2023-05-17,46.46266666666667
2023-05-18,46.49718518518519
2023-05-19,46.531703703703705
2023-05-20,46.56622222222222
2023-05-21,46.60074074074074
2023-05-22,46.635259259259264
2023-05-23,46.66977777777778
2023-05-24,46.7042962962963
2023-05-25,46.738814814814816
2023-05-26,46.77333333333333
2023-05-27,46.80785185185186
2023-05-28,46.842370370370375
2023-05-29,46.87688888888889
2023-05-30,46.91140740740741
2023-05-31,46.94592592592593
2023-06-01,46.980444444444444
2023-06-02,47.01496296296297
2023-06-03,47.049481481481486
2023-06-04,47.084
2023-06-05,47.17262962962963
2023-06-06,47.26125925925926
2023-06-07,47.34988888888889
2023-06-08,47.43851851851852
2023-06-09,47.52714814814815
2023-06-10,47.61577777777778
2023-06-11,47.70440740740741
2023-06-12,47.79303703703704
2023-06-13,47.88166666666667
2023-06-14,47.9702962962963
2023-06-15,48.05892592592593
2023-06-16,48.147555555555556
2023-06-17,48.236185185185185
2023-06-18,48.324814814814815
2023-06-19,48.413444444444444
2023-06-20,48.50207407407407
2023-06-21,48.5907037037037
2023-06-22,48.67933333333333
2023-06-23,48.76796296296296
2023-06-24,48.85659259259259
2023-06-25,48.94522222222222
2023-06-26,49.03385185185185
2023-06-27,49.12248148148148
2023-06-28,49.21111111111111
2023-06-29,49.29974074074074
2023-06-30,49.38837037037037
2023-07-01,49.477
2023-07-02,49.490148148148144
2023-07-03,49.50329629629629
2023-07-04,49.51644444444444
2023-07-05,49.52959259259259
2023-07-06,49.54274074074074
2023-07-07,49.55588888888889
2023-07-08,49.569037037037035
2023-07-09,49.58218518518518
2023-07-10,49.59533333333333
2023-07-11,49.608481481481476
2023-07-12,49.62162962962963
2023-07-13,49.63477777777778
2023-07-14,49.647925925925925
2023-07-15,49.66107407407407
2023-07-16,49.67422222222222
2023-07-17,49.68737037037037
2023-07-18,49.70051851851852
2023-07-19,49.71366666666667
2023-07-20,49.726814814814816
2023-07-21,49.73996296296296
2023-07-22,49.75311111111111
2023-07-23,49.76625925925926
2023-07-24,49.779407407407405
2023-07-25,49.79255555555556
2023-07-26,49.805703703703706
2023-07-27,49.81885185185185
2023-07-28,49.832
2023-07-29,49.87888888888889
2023-07-30,49.92577777777778
2023-07-31,49.97266666666667
2023-08-01,50.019555555555556
2023-08-02,50.06644444444444
2023-08-03,50.11333333333334
2023-08-04,50.160222222222224
2023-08-05,50.20711111111111
2023-08-06,50.254
2023-08-07,50.30088888888889
2023-08-08,50.34777777777778
2023-08-09,50.394666666666666
2023-08-10,50.44155555555555
2023-08-11,50.48844444444445
2023-08-12,50.535333333333334
2023-08-13,50.58222222222222
2023-08-14,50.62911111111111
2023-08-15,50.676
2023-08-16,50.72288888888889
2023-08-17,50.769777777777776
2023-08-18,50.81666666666666
2023-08-19,50.86355555555556
2023-08-20,50.910444444444444
2023-08-21,50.95733333333333
2023-08-22,51.00422222222222
2023-08-23,51.05111111111111
2023-08-24,51.098
2023-08-25,51.12285185185185
2023-08-26,51.147703703703705
2023-08-27,51.172555555555554
2023-08-28,51.197407407407404
2023-08-29,51.22225925925926
2023-08-30,51.24711111111111
2023-08-31,51.27196296296296
2023-09-01,51.296814814814816
2023-09-02,51.321666666666665
2023-09-03,51.346518518518515
2023-09-04,51.37137037037037
2023-09-05,51.39622222222222
2023-09-06,51.42107407407407
2023-09-07,51.44592592592593
2023-09-08,51.470777777777776
2023-09-09,51.495629629629626
2023-09-10,51.52048148148148
2023-09-11,51.54533333333333
2023-09-12,51.57018518518518
2023-09-13,51.59503703703704
2023-09-14,51.61988888888889
2023-09-15,51.64474074074074
2023-09-16,51.66959259259259
2023-09-17,51.69444444444444
2023-09-18,51.71929629629629
2023-09-19,51.74414814814815
2023-09-20,51.769
2023-09-21,51.78948148148148
2023-09-22,51.80996296296296
2023-09-23,51.830444444444446
2023-09-24,51.85092592592593
2023-09-25,51.8714074074074
2023-09-26,51.891888888888886
2023-09-27,51.91237037037037
2023-09-28,51.93285185185185
2023-09-29,51.95333333333333
2023-09-30,51.973814814814816
2023-10-01,51.9942962962963
2023-10-02,52.01477777777778
2023-10-03,52.03525925925926
2023-10-04,52.05574074074074
2023-10-05,52.07622222222222
2023-10-06,52.0967037037037
2023-10-07,52.117185185185186
2023-10-08,52.13766666666667
2023-10-09,52.15814814814815
2023-10-10,52.17862962962963
2023-10-11,52.199111111111115
2023-10-12,52.2195925925926
2023-10-13,52.24007407407407
2023-10-14,52.260555555555555
2023-10-15,52.28103703703704
2023-10-16,52.30151851851852
2023-10-17,52.322
2023-10-18,52.208962962962964
2023-10-19,52.095925925925926
2023-10-20,51.982888888888894
2023-10-21,51.869851851851855
2023-10-22,51.75681481481482
2023-10-23,51.64377777777778
2023-10-24,51.53074074074075
2023-10-25,51.41770370370371
2023-10-26,51.30466666666667
2023-10-27,51.19162962962963
2023-10-28,51.07859259259259
2023-10-29,50.96555555555556
2023-10-30,50.85251851851852
2023-10-31,50.739481481481484
2023-11-01,50.626444444444445
2023-11-02,50.51340740740741
2023-11-03,50.400370370370375
2023-11-04,50.287333333333336
2023-11-05,50.1742962962963
2023-11-06,50.06125925925926
2023-11-07,49.94822222222223
2023-11-08,49.83518518518519
2023-11-09,49.72214814814815
2023-11-10,49.60911111111111
2023-11-11,49.49607407407408
2023-11-12,49.38303703703704
2023-11-13,49.27
2023-11-14,49.19866666666667
2023-11-15,49.12733333333334
2023-11-16,49.056000000000004
2023-11-17,48.98466666666667
2023-11-18,48.913333333333334
2023-11-19,48.842000000000006
2023-11-20,48.77066666666667
2023-11-21,48.699333333333335
2023-11-22,48.628
2023-11-23,48.55666666666667
2023-11-24,48.48533333333334
2023-11-25,48.414
2023-11-26,48.342666666666666
2023-11-27,48.27133333333334
2023-11-28,48.2
2023-11-29,48.12866666666667
2023-11-30,48.05733333333333
2023-12-01,47.986000000000004
2023-12-02,47.91466666666667
2023-12-03,47.843333333333334
2023-12-04,47.772
2023-12-05,47.70066666666667
2023-12-06,47.629333333333335
2023-12-07,47.558
2023-12-08,47.486666666666665
2023-12-09,47.415333333333336
2023-12-10,47.344
2023-12-11,47.321777777777775
2023-12-12,47.29955555555556
2023-12-13,47.27733333333333
2023-12-14,47.25511111111111
2023-12-15,47.23288888888889
2023-12-16,47.21066666666667
2023-12-17,47.18844444444444
2023-12-18,47.166222222222224
2023-12-19,47.144
2023-12-20,47.12177777777778
2023-12-21,47.099555555555554
2023-12-22,47.077333333333335
2023-12-23,47.05511111111111
2023-12-24,47.03288888888889
2023-12-25,47.010666666666665
2023-12-26,46.98844444444445
2023-12-27,46.96622222222222
2023-12-28,46.944
2023-12-29,46.92177777777778
2023-12-30,46.89955555555556
2023-12-31,46.87733333333333
2024-01-01,46.855111111111114
2024-01-02,46.83288888888889
2024-01-03,46.81066666666667
2024-01-04,46.788444444444444
2024-01-05,46.766222222222225
2024-01-06,46.744
2024-01-07,46.721222222222224
2024-01-08,46.69844444444444
2024-01-09,46.675666666666665
2024-01-10,46.65288888888889
2024-01-11,46.63011111111111
2024-01-12,46.60733333333333
2024-01-13,46.58455555555555
2024-01-14,46.56177777777778
2024-01-15,46.539
2024-01-16,46.51622222222222
2024-01-17,46.49344444444444
2024-01-18,46.470666666666666
2024-01-19,46.44788888888889
2024-01-20,46.42511111111111
2024-01-21,46.40233333333333
2024-01-22,46.379555555555555
2024-01-23,46.35677777777778
2024-01-24,46.333999999999996
2024-01-25,46.31122222222222
2024-01-26,46.288444444444444
2024-01-27,46.26566666666667
2024-01-28,46.242888888888885
2024-01-29,46.22011111111111
2024-01-30,46.19733333333333
2024-01-31,46.17455555555556
2024-02-01,46.151777777777774
2024-02-02,46.129
2024-02-03,46.12229629629629
2024-02-04,46.11559259259259
2024-02-05,46.108888888888885
2024-02-06,46.102185185185185
2024-02-07,46.09548148148148
2024-02-08,46.08877777777778
2024-02-09,46.08207407407407
2024-02-10,46.07537037037037
2024-02-11,46.068666666666665
2024-02-12,46.06196296296296
2024-02-13,46.05525925925926
2024-02-14,46.04855555555555
2024-02-15,46.04185185185185
2024-02-16,46.035148148148146
2024-02-17,46.028444444444446
2024-02-18,46.02174074074074
2024-02-19,46.01503703703704
2024-02-20,46.00833333333333
2024-02-21,46.001629629629626
2024-02-22,45.994925925925926
2024-02-23,45.98822222222222
2024-02-24,45.98151851851852
2024-02-25,45.97481481481481
2024-02-26,45.968111111111114
2024-02-27,45.96140740740741
2024-02-28,45.95470370370371
2024-02-29,45.948
2024-03-01,45.921
2024-03-02,45.894
2024-03-03,45.867
2024-03-04,45.84
2024-03-05,45.813
2024-03-06,45.786
2024-03-07,45.759
2024-03-08,45.732
2024-03-09,45.705
2024-03-10,45.678
2024-03-11,45.651
2024-03-12,45.624
2024-03-13,45.597
2024-03-14,45.57
2024-03-15,45.543
2024-03-16,45.516
2024-03-17,45.489000000000004
2024-03-18,45.462
2024-03-19,45.435
2024-03-20,45.408
2024-03-21,45.381
2024-03-22,45.354
2024-03-23,45.327
2024-03-24,45.300000000000004
2024-03-25,45.273
2024-03-26,45.246
2024-03-27,45.219
2024-03-28,45.272629629629634
2024-03-29,45.32625925925926
2024-03-30,45.37988888888889
2024-03-31,45.43351851851852
2024-04-01,45.48714814814815
2024-04-02,45.54077777777778
2024-04-03,45.59440740740741
2024-04-04,45.648037037037035
2024-04-05,45.70166666666667
2024-04-06,45.7552962962963
2024-04-07,45.80892592592593
2024-04-08,45.86255555555556
2024-04-09,45.916185185185185
2024-04-10,45.96981481481482
2024-04-11,46.02344444444444
2024-04-12,46.077074074074076
2024-04-13,46.1307037037037
2024-04-14,46.184333333333335
2024-04-15,46.23796296296297
2024-04-16,46.29159259259259
2024-04-17,46.345222222222226
2024-04-18,46.39885185185185
2024-04-19,46.452481481481485
2024-04-20,46.50611111111111
2024-04-21,46.55974074074074
2024-04-22,46.61337037037037
2024-04-23,46.667
2024-04-24,46.67466666666667
2024-04-25,46.68233333333333
2024-04-26,46.690000000000005
2024-04-27,46.69766666666667
2024-04-28,46.705333333333336
2024-04-29,46.713
2024-04-30,46.720666666666666
2024-05-01,46.72833333333333
2024-05-02,46.736000000000004
2024-05-03,46.74366666666667
2024-05-04,46.751333333333335
2024-05-05,46.759
2024-05-06,46.766666666666666
2024-05-07,46.77433333333334
2024-05-08,46.782000000000004
2024-05-09,46.78966666666667
2024-05-10,46.797333333333334
2024-05-11,46.805
2024-05-12,46.81266666666667
2024-05-13,46.82033333333334
2024-05-14,46.828
2024-05-15,46.83566666666667
2024-05-16,46.843333333333334
2024-05-17,46.851
2024-05-18,46.85866666666667
2024-05-19,46.86633333333334
2024-05-20,46.874
2024-05-21,46.921703703703706
2024-05-22,46.96940740740741
2024-05-23,47.01711111111111
2024-05-24,47.06481481481482
2024-05-25,47.11251851851852
2024-05-26,47.160222222222224
2024-05-27,47.20792592592593
2024-05-28,47.25562962962963
2024-05-29,47.303333333333335
2024-05-30,47.35103703703704
2024-05-31,47.39874074074074
2024-06-01,47.446444444444445
2024-06-02,47.49414814814815
2024-06-03,47.54185185185185
2024-06-04,47.589555555555556
2024-06-05,47.63725925925926
2024-06-06,47.68496296296296
2024-06-07,47.73266666666667
2024-06-08,47.78037037037037
2024-06-09,47.828074074074074
2024-06-10,47.87577777777778
2024-06-11,47.92348148148148
2024-06-12,47.971185185185185
2024-06-13,48.01888888888889
2024-06-14,48.06659259259259
2024-06-15,48.114296296296295
2024-06-16,48.162
2024-06-17,48.20455555555556
2024-06-18,48.24711111111111
2024-06-19,48.28966666666667
2024-06-20,48.33222222222222
2024-06-21,48.37477777777778
2024-06-22,48.41733333333333
2024-06-23,48.45988888888889
2024-06-24,48.50244444444444
2024-06-25,48.545
2024-06-26,48.587555555555554
2024-06-27,48.63011111111111
2024-06-28,48.672666666666665
2024-06-29,48.71522222222222
2024-06-30,48.757777777777775
2024-07-01,48.800333333333334
2024-07-02,48.842888888888886
2024-07-03,48.885444444444445
2024-07-04,48.928
2024-07-05,48.970555555555556
2024-07-06,49.01311111111111
2024-07-07,49.05566666666667
2024-07-08,49.09822222222222
2024-07-09,49.14077777777778
2024-07-10,49.18333333333333
2024-07-11,49.22588888888889
2024-07-12,49.26844444444444
2024-07-13,49.311
2024-07-14,49.333777777777776
2024-07-15,49.35655555555556
2024-07-16,49.379333333333335
2024-07-17,49.40211111111111
2024-07-18,49.42488888888889
2024-07-19,49.44766666666667
2024-07-20,49.470444444444446
2024-07-21,49.49322222222222
2024-07-22,49.516
2024-07-23,49.53877777777778
2024-07-24,49.56155555555556
2024-07-25,49.58433333333333
2024-07-26,49.60711111111111
2024-07-27,49.62988888888889
2024-07-28,49.65266666666667
2024-07-29,49.675444444444445
2024-07-30,49.69822222222222
2024-07-31,49.721000000000004
2024-08-01,49.74377777777778
2024-08-02,49.766555555555556
2024-08-03,49.78933333333333
2024-08-04,49.812111111111115
2024-08-05,49.83488888888889
2024-08-06,49.85766666666667
2024-08-07,49.88044444444444
2024-08-08,49.903222222222226
2024-08-09,49.926
2024-08-10,49.9782962962963
2024-08-11,50.0305925925926
2024-08-12,50.08288888888889
2024-08-13,50.135185185185186
2024-08-14,50.187481481481484
2024-08-15,50.23977777777778
2024-08-16,50.29207407407407
2024-08-17,50.34437037037037
2024-08-18,50.39666666666667
2024-08-19,50.448962962962966
2024-08-20,50.501259259259264
2024-08-21,50.553555555555555
2024-08-22,50.60585185185185
2024-08-23,50.65814814814815
2024-08-24,50.71044444444445
2024-08-25,50.76274074074074
2024-08-26,50.81503703703704
2024-08-27,50.867333333333335
2024-08-28,50.91962962962963
2024-08-29,50.97192592592593
2024-08-30,51.02422222222222
2024-08-31,51.07651851851852
2024-09-01,51.12881481481482
2024-09-02,51.181111111111115
2024-09-03,51.233407407407405
2024-09-04,51.2857037037037
2024-09-05,51.338
2024-09-06,51.397370370370375
2024-09-07,51.45674074074074
2024-09-08,51.516111111111115
2024-09-09,51.57548148148148
2024-09-10,51.634851851851856
2024-09-11,51.69422222222222
2024-09-12,51.7535925925926
2024-09-13,51.81296296296296
2024-09-14,51.87233333333334
2024-09-15,51.931703703703704
2024-09-16,51.99107407407408
2024-09-17,52.050444444444445
2024-09-18,52.10981481481482
2024-09-19,52.169185185185185
2024-09-20,52.22855555555556
2024-09-21,52.287925925925926
2024-09-22,52.3472962962963
2024-09-23,52.406666666666666
2024-09-24,52.46603703703704
2024-09-25,52.52540740740741
2024-09-26,52.58477777777778
2024-09-27,52.64414814814815
2024-09-28,52.70351851851852
2024-09-29,52.76288888888889
2024-09-30,52.82225925925926
2024-10-01,52.88162962962963
2024-10-02,52.941
2024-10-03,52.948851851851856
2024-10-04,52.9567037037037
2024-10-05,52.964555555555556
2024-10-06,52.97240740740741
2024-10-07,52.98025925925926
2024-10-08,52.98811111111111
2024-10-09,52.99596296296296
2024-10-10,53.00381481481482
2024-10-11,53.01166666666667
2024-10-12,53.01951851851852
2024-10-13,53.02737037037037
2024-10-14,53.035222222222224
2024-10-15,53.04307407407408
2024-10-16,53.050925925925924
2024-10-17,53.05877777777778
2024-10-18,53.06662962962963
2024-10-19,53.074481481481484
2024-10-20,53.08233333333333
2024-10-21,53.090185185185184
2024-10-22,53.09803703703704
2024-10-23,53.10588888888889
2024-10-24,53.11374074074074
2024-10-25,53.12159259259259
2024-10-26,53.129444444444445
2024-10-27,53.1372962962963
2024-10-28,53.145148148148145
2024-10-29,53.153
2024-10-30,52.9727037037037
2024-10-31,52.7924074074074
2024-11-01,52.61211111111111
2024-11-02,52.431814814814814
2024-11-03,52.251518518518516
2024-11-04,52.07122222222222
2024-11-05,51.89092592592593
2024-11-06,51.71062962962963
2024-11-07,51.53033333333333
2024-11-08,51.35003703703703
2024-11-09,51.169740740740735
2024-11-10,50.989444444444445
2024-11-11,50.80914814814815
2024-11-12,50.62885185185185
2024-11-13,50.44855555555555
2024-11-14,50.26825925925926
2024-11-15,50.08796296296296
2024-11-16,49.907666666666664
2024-11-17,49.727370370370366
2024-11-18,49.54707407407407
2024-11-19,49.36677777777778
2024-11-20,49.18648148148148
2024-11-21,49.00618518518518
2024-11-22,48.82588888888888
2024-11-23,48.64559259259259
2024-11-24,48.465296296296295
2024-11-25,48.285
2024-11-26,48.24737037037037
2024-11-27,48.209740740740735
2024-11-28,48.17211111111111
2024-11-29,48.13448148148148
2024-11-30,48.09685185185185
2024-12-01,48.05922222222222
2024-12-02,48.02159259259259
2024-12-03,47.98396296296296
2024-12-04,47.94633333333333
2024-12-05,47.9087037037037
2024-12-06,47.87107407407407
2024-12-07,47.83344444444444
2024-12-08,47.79581481481481
2024-12-09,47.758185185185184
2024-12-10,47.720555555555556
2024-12-11,47.68292592592592
2024-12-12,47.645296296296294
2024-12-13,47.60766666666667
2024-12-14,47.57003703703703
2024-12-15,47.532407407407405
2024-12-16,47.49477777777778
2024-12-17,47.45714814814814
2024-12-18,47.419518518518515
2024-12-19,47.38188888888889
2024-12-20,47.34425925925926
2024-12-21,47.306629629629626
2024-12-22,47.269
2024-12-23,47.24711111111111
2024-12-24,47.22522222222222
2024-12-25,47.20333333333333
2024-12-26,47.181444444444445
2024-12-27,47.159555555555556
2024-12-28,47.13766666666667
2024-12-29,47.11577777777777
2024-12-30,47.093888888888884
2024-12-31,47.071999999999996
2025-01-01,47.05011111111111
2025-01-02,47.02822222222222
2025-01-03,47.00633333333333
2025-01-04,46.98444444444444
2025-01-05,46.962555555555554
2025-01-06,46.940666666666665
2025-01-07,46.91877777777778
2025-01-08,46.89688888888889
2025-01-09,46.875
2025-01-10,46.85311111111111
2025-01-11,46.83122222222222
2025-01-12,46.80933333333333
2025-01-13,46.78744444444444
2025-01-14,46.76555555555555
2025-01-15,46.74366666666666
2025-01-16,46.721777777777774
2025-01-17,46.699888888888886
2025-01-18,46.678
